Position	Ref	Alt	Frequency
204	G	T	0.2078
241	C	T	0.9688
445	T	C	0.286
913	C	T	0.6619
3037	C	T	0.9833
3267	C	T	0.6676
5388	C	A	0.6657
5986	C	T	0.6674
6286	C	T	0.287
6954	T	C	0.6676
14408	C	T	0.9717
14676	C	T	0.6639
15279	C	T	0.6682
16176	T	C	0.6641
17615	A	G	0.2577
22227	C	T	0.2873
23063	A	T	0.6644
23403	A	G	0.9893
23604	C	A	0.6701
23709	C	T	0.6629
24506	T	G	0.6635
24914	G	C	0.662
26801	C	G	0.2781
27944	C	T	0.2274
27972	C	T	0.6492
28048	G	T	0.6642
28111	A	G	0.6616
28977	C	T	0.6578
29645	G	T	0.2869
